Date,Open,High,Low,Close
2026-08-01,50.0,50.0,50.0,50.0
2026-08-02,50.0,50.0,50.0,50.0
2026-08-03,52.0,52.0,49.0,52.0
2026-08-04,52.0,52.0,52.0,52.0
2026-08-05,52.0,52.0,52.0,52.0
2026-08-06,52.0,52.0,52.0,52.0
2026-08-07,52.0,52.0,52.0,52.0
2026-08-08,52.0,52.0,52.0,52.0
2026-08-09,52.0,52.0,52.0,52.0
2026-08-10,52.0,52.0,52.0,52.0
2026-08-11,52.0,52.0,52.0,52.0
2026-08-12,52.0,52.0,52.0,52.0
2026-08-13,52.0,52.0,52.0,52.0
2026-08-14,52.0,52.0,52.0,52.0
2026-08-15,52.0,52.0,52.0,52.0
2026-08-16,52.0,52.0,52.0,52.0
2026-08-17,52.0,55.0,52.0,55.0
2026-08-18,55.0,55.0,55.0,55.0
2026-08-19,57.0,57.0,57.0,57.0
2026-08-20,60.0,60.0,60.0,60.0
2026-08-21,70.0,70.0,70.0,70.0
2026-08-22,70.0,70.0,70.0,70.0
2026-08-23,70.0,70.0,50.0,70.0
2026-08-24,70.0,70.0,70.0,70.0
2026-08-25,70.0,70.0,70.0,70.0
2026-08-26,68.0,68.0,68.0,68.0
2026-08-27,68.0,68.0,68.0,68.0
2026-08-28,60.0,68.0,60.0,60.0
2026-08-29,60.0,60.0,60.0,60.0
2026-08-30,60.0,60.0,60.0,60.0
2026-08-31,60.0,60.0,60.0,60.0
2026-09-01,60.0,60.0,60.0,60.0
2026-09-02,60.0,60.0,60.0,60.0
2026-09-03,60.0,60.0,60.0,60.0
2026-09-04,60.0,60.0,60.0,60.0
2026-09-05,60.0,60.0,60.0,60.0
2026-09-06,60.0,60.0,56.0,56.0
2026-09-07,56.0,56.0,56.0,56.0
2026-09-08,56.0,56.0,56.0,56.0
2026-09-09,56.0,56.0,52.0,56.0
2026-09-10,56.0,56.0,56.0,56.0
2026-09-11,56.0,56.0,56.0,56.0
2026-09-12,56.0,56.0,56.0,56.0
2026-09-13,56.0,56.0,56.0,56.0
2026-09-14,56.0,56.0,56.0,56.0
2026-09-15,56.0,56.0,56.0,56.0
2026-09-16,56.0,56.0,56.0,56.0
2026-09-17,56.0,56.0,56.0,56.0
2026-09-18,56.0,56.0,56.0,56.0
2026-09-19,56.0,56.0,56.0,56.0
2026-09-20,56.0,56.0,56.0,56.0
2026-09-21,56.0,56.0,56.0,56.0
2026-09-22,56.0,56.0,56.0,56.0
2026-09-23,56.0,56.0,56.0,56.0
2026-09-24,54.0,54.0,54.0,54.0
2026-09-25,54.0,54.0,54.0,54.0
2026-09-26,54.0,54.0,54.0,54.0
