Product,Date,Open,High,Low,Close,Volume
SAKHAR 1,2026-08-01,50.0,50.0,50.0,50.0,25.0
SAKHAR 1,2026-08-01,50.0,50.0,50.0,50.0,25.0
SAKHAR 1,2026-08-02,50.0,50.0,50.0,50.0,14.0
SAKHAR 1,2026-08-02,50.0,50.0,50.0,50.0,14.0
SAKHAR 1,2026-08-03,52.0,52.0,52.0,52.0,17.0
SAKHAR 1,2026-08-03,52.0,52.0,52.0,52.0,17.0
SAKHAR 1,2026-08-04,52.0,52.0,52.0,52.0,12.0
SAKHAR 1,2026-08-04,52.0,52.0,52.0,52.0,12.0
SAKHAR 1,2026-08-05,52.0,52.0,52.0,52.0,10.5
SAKHAR 1,2026-08-05,52.0,52.0,52.0,52.0,10.5
SAKHAR 1,2026-08-06,52.0,52.0,52.0,52.0,18.0
SAKHAR 1,2026-08-06,52.0,52.0,52.0,52.0,18.0
SAKHAR 1,2026-08-07,52.0,52.0,52.0,52.0,9.0
SAKHAR 1,2026-08-07,52.0,52.0,52.0,52.0,9.0
SAKHAR 1,2026-08-08,52.0,52.0,52.0,52.0,15.0
SAKHAR 1,2026-08-08,52.0,52.0,52.0,52.0,15.0
SAKHAR 1,2026-08-09,52.0,52.0,52.0,52.0,18.5
SAKHAR 1,2026-08-09,52.0,52.0,52.0,52.0,18.5
SAKHAR 1,2026-08-10,52.0,52.0,52.0,52.0,8.0
SAKHAR 1,2026-08-10,52.0,52.0,52.0,52.0,8.0
SAKHAR 1,2026-08-11,52.0,52.0,52.0,52.0,10.0
SAKHAR 1,2026-08-11,52.0,52.0,52.0,52.0,10.0
SAKHAR 1,2026-08-12,52.0,52.0,52.0,52.0,12.0
SAKHAR 1,2026-08-12,52.0,52.0,52.0,52.0,12.0
SAKHAR 1,2026-08-13,52.0,52.0,52.0,52.0,13.0
SAKHAR 1,2026-08-13,52.0,52.0,52.0,52.0,13.0
SAKHAR 1,2026-08-14,52.0,52.0,52.0,52.0,11.0
SAKHAR 1,2026-08-14,52.0,52.0,52.0,52.0,11.0
SAKHAR 1,2026-08-15,52.0,52.0,52.0,52.0,17.0
SAKHAR 1,2026-08-15,52.0,52.0,52.0,52.0,17.0
SAKHAR 1,2026-08-16,52.0,52.0,52.0,52.0,19.0
SAKHAR 1,2026-08-16,52.0,52.0,52.0,52.0,19.0
SAKHAR 1,2026-08-17,52.0,55.0,52.0,55.0,10.0
SAKHAR 1,2026-08-17,52.0,55.0,52.0,55.0,10.0
SAKHAR 1,2026-08-18,55.0,55.0,55.0,55.0,11.0
SAKHAR 1,2026-08-18,55.0,55.0,55.0,55.0,11.0
SAKHAR 1,2026-08-19,57.0,57.0,57.0,57.0,16.0
SAKHAR 1,2026-08-19,57.0,57.0,57.0,57.0,16.0
SAKHAR 1,2026-08-20,60.0,60.0,60.0,60.0,9.0
SAKHAR 1,2026-08-20,60.0,60.0,60.0,60.0,9.0
SAKHAR 1,2026-08-21,70.0,70.0,70.0,70.0,11.0
SAKHAR 1,2026-08-21,70.0,70.0,70.0,70.0,11.0
SAKHAR 1,2026-08-22,70.0,70.0,70.0,70.0,14.0
SAKHAR 1,2026-08-22,70.0,70.0,70.0,70.0,14.0
SAKHAR 1,2026-08-23,70.0,70.0,50.0,70.0,18.0
SAKHAR 1,2026-08-23,70.0,70.0,50.0,70.0,18.0
SAKHAR 1,2026-08-24,70.0,70.0,70.0,70.0,22.0
SAKHAR 1,2026-08-24,70.0,70.0,70.0,70.0,22.0
SAKHAR 1,2026-08-25,70.0,70.0,70.0,70.0,9.0
SAKHAR 1,2026-08-25,70.0,70.0,70.0,70.0,9.0
SAKHAR 1,2026-08-26,68.0,68.0,68.0,68.0,15.0
SAKHAR 1,2026-08-26,68.0,68.0,68.0,68.0,15.0
SAKHAR 1,2026-08-27,68.0,68.0,68.0,68.0,24.5
SAKHAR 1,2026-08-27,68.0,68.0,68.0,68.0,24.5
SAKHAR 1,2026-08-28,60.0,68.0,60.0,60.0,12.0
SAKHAR 1,2026-08-28,60.0,68.0,60.0,60.0,12.0
SAKHAR 1,2026-08-29,60.0,60.0,60.0,60.0,10.0
SAKHAR 1,2026-08-29,60.0,60.0,60.0,60.0,10.0
SAKHAR 1,2026-08-30,60.0,60.0,60.0,60.0,12.0
SAKHAR 1,2026-08-30,60.0,60.0,60.0,60.0,12.0
SAKHAR 1,2026-08-31,60.0,60.0,60.0,60.0,11.0
SAKHAR 1,2026-08-31,60.0,60.0,60.0,60.0,11.0
SAKHAR 1,2026-09-01,60.0,60.0,60.0,60.0,12.0
SAKHAR 1,2026-09-01,60.0,60.0,60.0,60.0,12.0
SAKHAR 1,2026-09-02,60.0,60.0,60.0,60.0,13.0
SAKHAR 1,2026-09-02,60.0,60.0,60.0,60.0,13.0
SAKHAR 1,2026-09-03,60.0,60.0,60.0,60.0,23.0
SAKHAR 1,2026-09-03,60.0,60.0,60.0,60.0,23.0
SAKHAR 1,2026-09-04,60.0,60.0,60.0,60.0,22.0
SAKHAR 1,2026-09-04,60.0,60.0,60.0,60.0,22.0
SAKHAR 1,2026-09-05,60.0,60.0,60.0,60.0,17.5
SAKHAR 1,2026-09-05,60.0,60.0,60.0,60.0,17.5
SAKHAR 1,2026-09-06,60.0,60.0,56.0,56.0,16.0
SAKHAR 1,2026-09-06,60.0,60.0,56.0,56.0,16.0
SAKHAR 1,2026-09-07,56.0,56.0,56.0,56.0,26.0
SAKHAR 1,2026-09-07,56.0,56.0,56.0,56.0,26.0
SAKHAR 1,2026-09-08,56.0,56.0,56.0,56.0,5.0
SAKHAR 1,2026-09-08,56.0,56.0,56.0,56.0,5.0
SAKHAR 1,2026-09-09,56.0,56.0,52.0,56.0,17.0
SAKHAR 1,2026-09-09,56.0,56.0,52.0,56.0,17.0
SAKHAR 1,2026-09-10,56.0,56.0,56.0,56.0,12.0
SAKHAR 1,2026-09-10,56.0,56.0,56.0,56.0,12.0
SAKHAR 1,2026-09-11,56.0,56.0,56.0,56.0,9.0
SAKHAR 1,2026-09-11,56.0,56.0,56.0,56.0,9.0
SAKHAR 1,2026-09-12,56.0,56.0,56.0,56.0,20.0
SAKHAR 1,2026-09-12,56.0,56.0,56.0,56.0,20.0
SAKHAR 1,2026-09-13,56.0,56.0,56.0,56.0,14.0
SAKHAR 1,2026-09-13,56.0,56.0,56.0,56.0,14.0
SAKHAR 1,2026-09-14,56.0,56.0,56.0,56.0,20.0
SAKHAR 1,2026-09-14,56.0,56.0,56.0,56.0,20.0
SAKHAR 1,2026-09-15,56.0,56.0,56.0,56.0,28.0
SAKHAR 1,2026-09-15,56.0,56.0,56.0,56.0,28.0
SAKHAR 1,2026-09-16,56.0,56.0,56.0,56.0,31.0
SAKHAR 1,2026-09-16,56.0,56.0,56.0,56.0,31.0
SAKHAR 1,2026-09-17,56.0,56.0,56.0,56.0,26.0
SAKHAR 1,2026-09-17,56.0,56.0,56.0,56.0,26.0
SAKHAR 1,2026-09-18,56.0,56.0,56.0,56.0,2.0
SAKHAR 1,2026-09-18,56.0,56.0,56.0,56.0,2.0
SAKHAR 1,2026-09-19,56.0,56.0,56.0,56.0,2.0
SAKHAR 1,2026-09-19,56.0,56.0,56.0,56.0,2.0
SAKHAR 1,2026-09-20,56.0,56.0,56.0,56.0,8.0
SAKHAR 1,2026-09-20,56.0,56.0,56.0,56.0,8.0
SAKHAR 1,2026-09-21,56.0,56.0,56.0,56.0,17.5
SAKHAR 1,2026-09-21,56.0,56.0,56.0,56.0,17.5
SAKHAR 1,2026-09-22,56.0,56.0,56.0,56.0,8.0
SAKHAR 1,2026-09-22,56.0,56.0,56.0,56.0,8.0
SAKHAR 1,2026-09-23,56.0,56.0,56.0,56.0,6.0
SAKHAR 1,2026-09-23,56.0,56.0,56.0,56.0,6.0
SAKHAR 1,2026-09-24,54.0,54.0,54.0,54.0,12.5
SAKHAR 1,2026-09-24,54.0,54.0,54.0,54.0,12.5
SAKHAR 1,2026-09-25,54.0,54.0,54.0,54.0,6.5
SAKHAR 1,2026-09-25,54.0,54.0,54.0,54.0,6.5
SAKHAR 1,2026-09-26,54.0,54.0,54.0,54.0,10.0
SAKHAR 1,2026-09-26,54.0,54.0,54.0,54.0,10.0
SAKHAR 1,2026-09-27,57.0,58.0,49.0,55.0,100.0
DIAMOND WHEAT,2026-09-26,40.0,40.0,40.0,40.0,30.0
